company_name,cik,accession_number,filing_date,form_type
TEAM INC,0000318833,0000318833-26-000053,2026-08-10,8-K
East West Ave Acquisition Corp.,0002100704,0001493152-26-036924,2026-08-10,8-K
"Phillips Edison & Company, Inc.",0001476204,0001476204-26-000042,2026-08-10,8-K
UGI CORP /PA/,0000884614,0001104659-26-093478,2026-08-10,8-K
Consolidated Water Co. Ltd.,0000928340,0001104659-26-093477,2026-08-10,8-K
"Tenon Medical, Inc.",0001560293,0001213900-26-087352,2026-08-10,8-K
i-80 Gold Corp.,0001853962,0001628280-26-055373,2026-08-10,8-K
Northann Corp.,0001923780,0001575872-26-000562,2026-08-10,8-K
Sable Offshore Corp.,0001831481,0001831481-26-000105,2026-08-10,8-K
"MPT Operating Partnership, L.P.",0001524607,0001193125-26-342713,2026-08-10,8-K
MEDICAL PROPERTIES TRUST INC,0001287865,0001193125-26-342713,2026-08-10,8-K
Netcapital Inc.,0001414767,0001493152-26-036916,2026-08-10,8-K
VEEA INC.,0001840317,0001213900-26-087343,2026-08-10,8-K
"Cogent Biosciences, Inc.",0001622229,0001193125-26-342695,2026-08-10,8-K
"WhiteHorse Finance, Inc.",0001552198,0001104659-26-093467,2026-08-10,8-K
COLLECTIVE ACQUISITION CORP.,0002041047,0001213900-26-087341,2026-08-10,8-K
"Hadron Energy, Inc.",0002023730,0001193125-26-342682,2026-08-10,8-K
"SONIDA SENIOR LIVING, INC.",0001043000,0001193125-26-342676,2026-08-10,8-K
"NEONC TECHNOLOGIES HOLDINGS, INC.",0001979414,0001829126-26-008543,2026-08-10,8-K
"Erasca, Inc.",0001761918,0001193125-26-342669,2026-08-10,8-K
BRT Apartments Corp.,0000014846,0000014846-26-000038,2026-08-10,8-K
Jazz Pharmaceuticals plc,0001232524,0001193125-26-342667,2026-08-10,8-K
Pangaea Logistics Solutions Ltd.,0001606909,0001628280-26-055346,2026-08-10,8-K
"GEN Restaurant Group, Inc.",0001891856,0001193125-26-342660,2026-08-10,8-K
"Crexendo, Inc.",0001075736,0001654954-26-007432,2026-08-10,8-K
"Mistras Group, Inc.",0001436126,0001628280-26-055344,2026-08-10,8-K
Diversified Energy Co,0001922446,0001922446-26-000073,2026-08-10,8-K
XAI Floating Rate & Alternative Income Trust,0001703079,0001213900-26-087333,2026-08-10,8-K
ELITE PHARMACEUTICALS INC /NV/,0001053369,0001493152-26-036905,2026-08-10,8-K
UR-ENERGY INC,0001375205,0001104659-26-093457,2026-08-10,8-K
"GCT Semiconductor Holding, Inc.",0001851961,0000929638-26-002965,2026-08-10,8-K
"PENSKE AUTOMOTIVE GROUP, INC.",0001019849,0001628280-26-055334,2026-08-10,8-K
GigaCloud Technology Inc,0001857816,0001857816-26-000077,2026-08-10,8-K
"VisionWave Holdings, Inc.",0002038439,0001731122-26-001032,2026-08-10,8-K
HALLADOR ENERGY CO,0000788965,0001104659-26-093446,2026-08-10,8-K
"Tilray Brands, Inc.",0001731348,0001140361-26-032052,2026-08-10,8-K
Lexaria Bioscience Corp.,0001348362,0001640334-26-001302,2026-08-10,8-K
"FiscalNote Holdings, Inc.",0001823466,0001193125-26-342623,2026-08-10,8-K
Flowco Holdings Inc.,0002035149,0001193125-26-342622,2026-08-10,8-K
"Broadstone Net Lease, Inc.",0001424182,0001193125-26-342612,2026-08-10,8-K
"HELIOS TECHNOLOGIES, INC.",0001024795,0001193125-26-342609,2026-08-10,8-K
"Bain Capital Specialty Finance, Inc.",0001655050,0001193125-26-342607,2026-08-10,8-K
"Purple Innovation, Inc.",0001643953,0001213900-26-087318,2026-08-10,8-K
"Commercial Vehicle Group, Inc.",0001290900,0001628280-26-055322,2026-08-10,8-K
"Arq, Inc.",0001515156,0001515156-26-000116,2026-08-10,8-K
Archer-Daniels-Midland Co,0000007084,0001193125-26-342579,2026-08-10,8-K
"Kayne Anderson BDC, Inc.",0001747172,0001213900-26-087313,2026-08-10,8-K
Restaurant Brands International Limited Partnership,0001618755,0001618755-26-000032,2026-08-10,8-K
Restaurant Brands International Inc.,0001618756,0001618756-26-000047,2026-08-10,8-K
"Innovex International, Inc.",0001042893,0001193125-26-342567,2026-08-10,8-K
"NETWORK-1 TECHNOLOGIES, INC.",0001065078,0001072613-26-000634,2026-08-10,8-K
"UPWORK, INC",0001627475,0001627475-26-000046,2026-08-10,8-K
HWH International Inc.,0001897245,0001493152-26-036887,2026-08-10,8-K
Trump Media & Technology Group Corp.,0001849635,0001437749-26-026797,2026-08-10,8-K
PROGRESSIVE CORP/OH/,0000080661,0000080661-26-000310,2026-08-10,8-K
Ellington Credit Co,0001560672,0001628280-26-055302,2026-08-10,8-K
"Amentum Holdings, Inc.",0002011286,0001628280-26-055294,2026-08-10,8-K
"Smartbird, Inc.",0001653909,0001437749-26-026796,2026-08-10,8-K
"USA Rare Earth, Inc.",0001970622,0001970622-26-000056,2026-08-10,8-K
"AST SpaceMobile, Inc.",0001780312,0001193125-26-342540,2026-08-10,8-K
Summit Midstream Corp,0002024218,0002024218-26-000089,2026-08-10,8-K
"KLX Energy Services Holdings, Inc.",0001738827,0001193125-26-342539,2026-08-10,8-K
Public Storage,0001393311,0001193125-26-342525,2026-08-10,8-K
"V2X, Inc.",0001601548,0001628280-26-055284,2026-08-10,8-K
AECOM,0000868857,0001104659-26-093421,2026-08-10,8-K
"Annexon, Inc.",0001528115,0001193125-26-342524,2026-08-10,8-K
Ellington Financial Inc.,0001411342,0001628280-26-055283,2026-08-10,8-K
Viant Technology Inc.,0001828791,0001828791-26-000070,2026-08-10,8-K
DiaMedica Therapeutics Inc.,0001401040,0001437749-26-026790,2026-08-10,8-K
"Construction Partners, Inc.",0001718227,0001628280-26-055282,2026-08-10,8-K
WEBTOON Entertainment Inc.,0001997859,0001997859-26-000087,2026-08-10,8-K
MASTEC INC,0000015615,0001193125-26-342507,2026-08-10,8-K
Energy Services of America CORP,0001357971,0001104659-26-093416,2026-08-10,8-K
"Bakkt, Inc.",0001820302,0001628280-26-055276,2026-08-10,8-K
Quetta Acquisition Corp,0001978528,0001829126-26-008534,2026-08-10,8-K
Viant Technology Inc.,0001828791,0001828791-26-000068,2026-08-10,8-K
"Perspective Therapeutics, Inc.",0000728387,0001193125-26-342495,2026-08-10,8-K
Pinnacle Acquisition Corp,0002123955,0001213900-26-087287,2026-08-10,8-K
"Private Bancorp of America, Inc.",0001705284,0001193125-26-342492,2026-08-10,8-K
"TTEC Holdings, Inc.",0001013880,0001104659-26-093410,2026-08-10,8-K
SunPower Inc.,0001838987,0001213900-26-087285,2026-08-10,8-K
Sow Good Inc.,0001490161,0001829126-26-008533,2026-08-10,8-K
QUANTUM CORP /DE/,0000709283,0001628280-26-055272,2026-08-10,8-K
"Getty Images Holdings, Inc.",0001898496,0001628280-26-055270,2026-08-10,8-K
"Ceribell, Inc.",0001861107,0001193125-26-342463,2026-08-10,8-K
RIVERVIEW BANCORP INC,0001041368,0000939057-26-000171,2026-08-10,8-K
"Babcock & Wilcox Enterprises, Inc.",0001630805,0001630805-26-000066,2026-08-10,8-K
FutureFuel Corp.,0001337298,0001437749-26-026783,2026-08-10,8-K
"INFINITY NATURAL RESOURCES, INC.",0002029118,0002029118-26-000096,2026-08-10,8-K
PATRICK INDUSTRIES INC,0000076605,0000076605-26-000080,2026-08-10,8-K
"GoPro, Inc.",0001500435,0001500435-26-000034,2026-08-10,8-K
"Arena Group Holdings, Inc.",0000894871,0001493152-26-036875,2026-08-10,8-K
Quantum Computing Inc.,0001758009,0001213900-26-087267,2026-08-10,8-K
Biohaven Ltd.,0001935979,0001935979-26-000067,2026-08-10,8-K
"Riot Platforms, Inc.",0001167419,0001104659-26-093406,2026-08-10,8-K
PUBLIC SERVICE ELECTRIC & GAS CO,0000081033,0001193125-26-342449,2026-08-10,8-K
"Bluerock Homes Trust, Inc.",0001903382,0001104659-26-093404,2026-08-10,8-K
